{"files":{"rails-a54600e8f2699ca69d032287d98c11b9.png":{"logical_path":"rails.png","mtime":"2013-05-30T14:39:02+02:00","size":13036,"digest":"a54600e8f2699ca69d032287d98c11b9"},"application-c13d35298baf2c31a686d6e6e9a7cabe.js":{"logical_path":"application.js","mtime":"2013-05-28T20:49:08+02:00","size":297784,"digest":"c13d35298baf2c31a686d6e6e9a7cabe"},"application-b7b12d2d5dc5222c466bef1980f488ca.css":{"logical_path":"application.css","mtime":"2013-05-30T15:54:17+02:00","size":115687,"digest":"b7b12d2d5dc5222c466bef1980f488ca"},"application-ef0dfdab5a5f1a04f16381cec227d4a4.js":{"logical_path":"application.js","mtime":"2013-07-03T17:27:38+02:00","size":342209,"digest":"ef0dfdab5a5f1a04f16381cec227d4a4"},"application-290c1150c892d594bf667e69d827a9e5.css":{"logical_path":"application.css","mtime":"2013-07-03T17:20:51+02:00","size":120050,"digest":"290c1150c892d594bf667e69d827a9e5"},"rails-72704f4a0039855b28ffb4210fe192aa.png":{"logical_path":"rails.png","mtime":"2013-06-01T16:13:33+02:00","size":13036,"digest":"72704f4a0039855b28ffb4210fe192aa"},"application-bfb2d8648a3ccdc57f5604674c2ec16d.js":{"logical_path":"application.js","mtime":"2013-07-03T17:27:38+02:00","size":125763,"digest":"bfb2d8648a3ccdc57f5604674c2ec16d"},"application-760f4cb1ab8e0928725c017baa0d834a.css":{"logical_path":"application.css","mtime":"2013-07-03T17:20:51+02:00","size":99492,"digest":"760f4cb1ab8e0928725c017baa0d834a"}},"assets":{"rails.png":"rails-a54600e8f2699ca69d032287d98c11b9.png","application.js":"application-ef0dfdab5a5f1a04f16381cec227d4a4.js","application.css":"application-290c1150c892d594bf667e69d827a9e5.css"}}